<?xml version="1.0" encoding="UTF-8"?>
<beans xmlns:mvc="http://www.springframework.org/schema/mvc"
       xmlns:xsi="http://www.w3.org/2001/XMLSchema-instance"
       xmlns:context="http://www.springframework.org/schema/context"
       xmlns="http://www.springframework.org/schema/beans"
       xsi:schemaLocation="
		http://www.springframework.org/schema/beans http://www.springframework.org/schema/beans/spring-beans.xsd
		http://www.springframework.org/schema/mvc http://www.springframework.org/schema/mvc/spring-mvc.xsd
		http://www.springframework.org/schema/context http://www.springframework.org/schema/context/spring-context.xsd">

    <!-- DispatcherServlet Context: defines this servlet's request-processing
        infrastructure -->

    <!-- Enables the Spring MVC @Controller programming model -->
    <mvc:annotation-driven/>

    <!-- Handles HTTP GET requests for /resources/** by efficiently serving
        up static resources in the ${webappRoot}/resources directory -->
    <mvc:resources mapping="/resources/**" location="/resources/"/>

    <!-- Resolves views selected for rendering by @Controllers to .jsp resources
        in the /WEB-INF/views directory -->
    <!--<bean-->
    <!--class="org.springframework.web.servlet.view.InternalResourceViewResolver">-->
    <!--<property name="prefix" value="/WEB-INF/views/" />-->
    <!--<property name="suffix" value=".jsp" />-->
    <!--</bean>-->

    <context:component-scan base-package="com.fdc.billingweb"/>

    <!-- Tiles configuration -->

    <bean id="tilesConfigurer"
          class="org.springframework.web.servlet.view.tiles3.TilesConfigurer">
        <property name="definitions">
            <list>
                <value>/WEB-INF/tiles/tiles-definitions.xml</value>
            </list>
        </property>
    </bean>

    <!-- SET default mail properties -->
    <!--<bean id="mailSender" class="org.springframework.mail.javamail.JavaMailSenderImpl">-->
    <!--<property name="host" value="smtp.gmail.com" />-->
    <!--<property name="port" value="465" />-->
    <!--<property name="username" value="bizcanna10@gmail.com" />-->
    <!--<property name="password" value="bizc@nn@10" />-->
    <!--<property name="javaMailProperties">-->
    <!--<props>-->
    <!--<prop key="mail.transport.protocol">smtps</prop>-->
    <!--<prop key="mail.smtp.auth">true</prop>-->
    <!--<prop key="mail.smtp.starttls.enable">true</prop>-->
    <!--<prop key="mail.smtp.debug">true</prop>-->
    <!--</props>-->
    <!--</property>-->
    <!--</bean>-->

    <bean id="viewResolver"
          class="org.springframework.web.servlet.view.UrlBasedViewResolver">
        <property name="viewClass" value="org.springframework.web.servlet.view.tiles3.TilesView"/>
    </bean>

    <context:property-placeholder location="classpath:config.properties"/>

    <!-- Multipart Resolver -->
    <bean id="multipartResolver"
          class="org.springframework.web.multipart.commons.CommonsMultipartResolver">
        <!-- one of the properties available; the maximum file size in bytes -->
        <property name="maxUploadSize" value="100000000000"/>
    </bean>

    <!-- <context:Annotation-config/> -->

    <mvc:annotation-driven
            ignore-default-model-on-redirect="true">
        <mvc:message-converters>
            <bean class="org.springframework.http.converter.StringHttpMessageConverter"/>
            <bean
                    class="org.springframework.http.converter.json.MappingJackson2HttpMessageConverter"/>
        </mvc:message-converters>
    </mvc:annotation-driven>
</beans>
