<?xml version="1.0" encoding="ISO-8859-1" ?>
<!DOCTYPE tiles-definitions PUBLIC
        "-//Apache Software Foundation//DTD Tiles Configuration 3.0//EN"
        "http://tiles.apache.org/dtds/tiles-config_3_0.dtd">

<tiles-definitions>

    <definition name="defaultTemplate" template="/WEB-INF/template/default/template.jsp">
        <put-attribute name="header" value="/WEB-INF/template/default/header.jsp"/>
        <put-attribute name="body" value=""/>
        <put-attribute name="footer" value="/WEB-INF/template/default/footer.jsp"/>
        
    </definition>

    <definition name="index" extends="defaultTemplate">
        <put-attribute name="body" value="/WEB-INF/views/index.jsp"/>
    </definition>
    
    <definition name="uomList" extends="defaultTemplate">
        <put-attribute name="body" value="/WEB-INF/views/uom/uomList.jsp"/>
    </definition>
    <definition name="uom" extends="defaultTemplate">
        <put-attribute name="body" value="/WEB-INF/views/uom/uom.jsp"/>
    </definition>
    
    <definition name="itemList" extends="defaultTemplate">
        <put-attribute name="body" value="/WEB-INF/views/item/itemList.jsp"/>
    </definition>
    <definition name="item" extends="defaultTemplate">
        <put-attribute name="body" value="/WEB-INF/views/item/item.jsp"/>
    </definition>
    
    <definition name="partyList" extends="defaultTemplate">
        <put-attribute name="body" value="/WEB-INF/views/party/partyList.jsp"/>
    </definition>
    <definition name="party" extends="defaultTemplate">
        <put-attribute name="body" value="/WEB-INF/views/party/party.jsp"/>
    </definition>
    
    <definition name="salesInvoiceList" extends="defaultTemplate">
        <put-attribute name="body" value="/WEB-INF/views/salesInvoice/salesInvoiceList.jsp"/>
    </definition>
    <definition name="salesInvoice" extends="defaultTemplate">
        <put-attribute name="body" value="/WEB-INF/views/salesInvoice/salesInvoice.jsp"/>
    </definition>
    
    <!-- LATER ERROR PAGE TO BE SPECIFIED -->
    <definition name="error" extends="defaultTemplate">
        <put-attribute name="body" value="/WEB-INF/views/miscPages/errorPage.jsp"/>
    </definition>

    <definition name="accessDenied" extends="defaultTemplate">
        <put-attribute name="body" value="/WEB-INF/views/miscPages/accessDenied.jsp"/>
    </definition>
	 
</tiles-definitions>





