<beans:beans xmlns:beans="http://www.springframework.org/schema/beans"
             xmlns:xsi="http://www.w3.org/2001/XMLSchema-instance"
             xmlns="http://www.springframework.org/schema/security"
             xsi:schemaLocation="http://www.springframework.org/schema/beans
           	 http://www.springframework.org/schema/beans/spring-beans-4.1.xsd
    		 http://www.springframework.org/schema/security
    		 http://www.springframework.org/schema/security/spring-security-4.0.xsd">

    <http auto-config="true">
        <intercept-url pattern="/" access="permitAll"/>
        <intercept-url pattern="/home" access="permitAll"/>
        <intercept-url pattern="/login*" access="isAnonymous()"/>
        <intercept-url pattern="/superadmin/**" access="hasRole('ROLE_SUPERADMIN')"/>
        
        <intercept-url pattern="/profile"
                       access="hasRole('ROLE_USER') or hasRole('ROLE_ADMIN') or hasRole('ROLE_SUPERADMIN')"/>
        <intercept-url pattern="/accessDenied/*" access="permitAll"/>

        <form-login login-page="/login" username-parameter="j_username"
                    password-parameter="j_password"
                    login-processing-url="/j_spring_security_check"
                    authentication-success-handler-ref="customAuthenticationSuccessHandler"
                    authentication-failure-handler-ref="customAuthenticationFailureHandler"
        />
        <access-denied-handler error-page="/accessDenied"/>
		


        <logout logout-success-url="/index" logout-url="/logout"/>

        <remember-me
                remember-me-parameter="_spring_security_remember_me"
                remember-me-cookie="SPRING_SECURITY_REMEMBER_ME_COOKIE"
                key="canna_tk"
                token-validity-seconds="120"
        />
        <csrf disabled="true"/>
        
	
    </http>

    <beans:bean id="customAuthenticationSuccessHandler"
                class="com.fdc.billingweb.security.CustomAuthenticationSuccessHandler"/>

    <beans:bean id="customAuthenticationFailureHandler"
                class="com.fdc.billingweb.security.CustomAuthenticationFailureHandler"/>


    <authentication-manager alias="authenticationManager">
        <authentication-provider user-service-ref="customUserDetailsService">
            <password-encoder ref="passwordEncoder"/>
        </authentication-provider>
    </authentication-manager>


    <beans:bean id="customUserDetailsService" class="com.fdc.billingweb.security.CustomUserDetailsService"/>

    <!-- Use a Md5 encoder since the user's passwords are stored as Md5 in the
        database -->
    <beans:bean id="passwordEncoder"
                class="org.springframework.security.authentication.encoding.Md5PasswordEncoder"/>

</beans:beans>
